{
  "selfEV": 2.953278759932112,
  "crewDilution": 1.3308659663474058,
  "shipyardBoost": 0,
  "navDenial": 0,
  "slotBlock": 0.03303603564029412,
  "cashPressure": 1.3748406616276059,
  "bidAggression": 2,
  "navAttackBias": 0.4770182147768033,
  "riskTolerance": 0
}